model,mig,jemmig,dcimig,modularity,sap
vae,0.3228345640515907,0.343773329083232,0.004394641378663849,0.5856291465492037,0.06193126648391489
betavae,0.12413915025228818,0.1351436094531358,0.00334272492795446,0.7039218025525669,0.048704844722930435
btcvae,0.15197054106864802,0.17292758384611678,0.004249984349513868,0.8003020036522116,0.05464597963190193
